Player,Country
aspas,Brazil
RieNs,Turkey
brawk,United States
kaajak,Poland
johnqt,Morocco
Smoggy,China
leaf,United States
something,Russia
Knight,China
skuba,United States
Chronicle,Russia
SpiritZ1,Taiwan
NoMan,Hong Kong / Wales
cortezia,Brazil
Cloud,Russia
Alfajer,Turkey
jawgemo,United States
Jinggg,Singapore
Verno,United States
ZmjjKK,China
iZu,South Korea
Meteor,South Korea
Flashback,South Korea
valyn,United States
f0rsakeN,Indonesia
Wo0t,Turkey
happywei,Taiwan
nAts,Russia
HYUNMIN,South Korea
MaKo,South Korea
d4v41,Malaysia
Viva,China
westside,Poland
mada,Canada
keiko,United Kingdom
Demon1,United States
s0m,United States
nobody,China
artzin,Brazil
DH,China
trent,United States
zekken,United States
Ethan,United States
ara,Japan
crashies,United States
Jemkin,Mongolia
xenom,Unknown
Rarga,Unknown
N4RRATE,United States
BeYN,South Korea
doma,Croatia
nephh,Japan
Levius,Unknown
MiniBoo,Portugal
kamo,Japan
Flickless,Unknown
Monyet,Indonesia
JonahP,Canada
Nicc,Unknown
Kushy,Unknown
benjyfishy,United Kingdom
free1ng,China
CHICHOO,China
Boaster,United Kingdom
Boo,Lithuania
trexx,Russia
BuZz,South Korea
xffero,Indonesia
PatMen,Unknown
Akeman,Unknown
Flex1n,Unknown
grubinho,Brazil
crazyguy,Vietnam
Jieni7,China
paTiTek,Poland
Zellsis,United States
bang,United States
coconut,Unknown
stax,South Korea
rushia,Japan
whzy,China
